Topic,Question,Answer
الإسعافات الأولية,ما هي الخطوة الأولى عند التعامل مع جرح نازف؟,الضغط المباشر على مكان النزيف باستخدام شاش أو قطعة قماش نظيفة.
الإسعافات الأولية,ماذا تفعل إذا توقف شخص عن التنفس؟,ابدأ الإنعاش القلبي الرئوي (CPR) فوراً واطلب المساعدة الطبية.
الإسعافات الأولية,كيف تعالج حرقاً بسيطاً؟,تبريد المنطقة بالماء الجاري لمدة 10-15 دقيقة وتغطيتها بشاش معقم.
الإسعافات الأولية,ما الإجراء في حالة ابتلاع جسم غريب؟,شجع الشخص على السعال وإذا لم يخرج الجسم قم بمناورة هيمليك.
الإسعافات الأولية,كيف توقف نزيف الأنف؟,اجلس المصاب وأمل رأسه للأمام واضغط على الجزء اللين من الأنف لمدة 10 دقائق.
الإسعافات الأولية,ما هي علامات الصدمة؟,شحوب، تعرق شديد، تنفس سريع، نبض ضعيف أو سريع.
الإسعافات الأولية,كيف تتعامل مع شخص فاقد للوعي؟,تحقق من التنفس والنبض ثم ضع الشخص في وضعية الإفاقة إذا كان يتنفس.
الإسعافات الأولية,كيف تعالج لدغة حشرة؟,اغسل المنطقة بالماء والصابون وضع كمادات باردة لتخفيف التورم.
الإسعافات الأولية,ما الإجراء عند إصابة بكسور؟,ثبت الطرف المصاب باستخدام جبيرة ولا تحركه حتى وصول المساعدة الطبية.
الإسعافات الأولية,كيف تتعامل مع تسمم غذائي؟,شرب الكثير من السوائل والراحة، وطلب المساعدة الطبية إذا كانت الأعراض شديدة.
رعاية القسطرة,كيف تنظف القسطرة البولية؟,اغسل يديك جيداً ثم نظف منطقة الفتحة بمسحة معقمة يومياً.
رعاية القسطرة,متى يجب تفريغ كيس القسطرة؟,عندما يمتلئ إلى نصفه أو ثلاث أرباعه أو كل 6-8 ساعات.
رعاية القسطرة,كيف تمنع انسداد القسطرة؟,شرب كمية كافية من الماء والحفاظ على نظافة الأنبوب.
رعاية القسطرة,ما علامات عدوى القسطرة؟,حمى، ألم أسفل البطن، بول عكر أو برائحة قوية.
رعاية القسطرة,هل يجب رفع كيس القسطرة فوق مستوى المثانة؟,لا، يجب أن يكون الكيس دائماً أسفل مستوى المثانة.
رعاية القسطرة,كيف تثبت القسطرة لتجنب السحب؟,باستخدام شريط أو حامل خاص لتثبيت الأنبوب على الفخذ.
رعاية القسطرة,ما المدة الآمنة لاستخدام القسطرة الدائمة؟,تحدد حسب تعليمات الطبيب لكن غالباً يتم تغييرها كل 2-4 أسابيع.
رعاية القسطرة,كيف يتم تغيير كيس القسطرة؟,إغلاق الأنبوب، فصل الكيس القديم، وتوصيل الكيس الجديد مع التعقيم.
رعاية القسطرة,هل يمكن الاستحمام بالقسطرة؟,نعم، لكن يجب تجفيف المنطقة جيداً بعد الاستحمام.
رعاية القسطرة,ما سبب خروج دم مع القسطرة؟,قد يكون بسبب تهيج الأنسجة أو عدوى ويجب مراجعة الطبيب فوراً.
العناية بالكانيولا,كيف يتم تنظيف مكان الكانيولا؟,استخدم مسحة كحولية قبل وبعد الحقن.
العناية بالكانيولا,متى يجب تغيير الكانيولا؟,كل 72-96 ساعة أو عند ظهور علامات التهاب.
العناية بالكانيولا,ما علامات التهاب مكان الكانيولا؟,احمرار، تورم، ألم أو إفرازات.
العناية بالكانيولا,كيف تتأكد من سلامة الكانيولا قبل الحقن؟,تأكد من تدفق السوائل بسلاسة وعدم وجود ألم عند الحقن.
العناية بالكانيولا,هل يمكن الاستحمام مع الكانيولا؟,يفضل تغطيتها جيداً لمنع دخول الماء.
العناية بالكانيولا,كيف تتجنب انسداد الكانيولا؟,غسلها بمحلول ملحي بعد كل استخدام.
العناية بالكانيولا,ما السبب في خروج دم من الكانيولا؟,قد يكون بسبب تحرك الإبرة أو انسداد جزئي.
العناية بالكانيولا,كيف تثبت الكانيولا بشكل آمن؟,باستخدام شريط لاصق طبي معقم.
العناية بالكانيولا,هل يجب إزالة الكانيولا إذا سببت ألم شديد؟,نعم، يجب استبدالها فوراً.
العناية بالكانيولا,ما الإجراء إذا انخلعت الكانيولا فجأة؟,اضغط على مكانها بقطعة شاش نظيفة وأبلغ الممرضة أو الطبيب.